sim	file	abspath
sim-1	t-002.png	/Users/klyff/tmp/run-18-08-2026__15-54/sim-1/screenshots/t-002.png
sim-1	t-032.png	/Users/klyff/tmp/run-18-08-2026__15-54/sim-1/screenshots/t-032.png
sim-1	t-062.png	/Users/klyff/tmp/run-18-08-2026__15-54/sim-1/screenshots/t-062.png
sim-1	t-092.png	/Users/klyff/tmp/run-18-08-2026__15-54/sim-1/screenshots/t-092.png
sim-1	t-122.png	/Users/klyff/tmp/run-18-08-2026__15-54/sim-1/screenshots/t-122.png
sim-1	t-152.png	/Users/klyff/tmp/run-18-08-2026__15-54/sim-1/screenshots/t-152.png
sim-1	t-182.png	/Users/klyff/tmp/run-18-08-2026__15-54/sim-1/screenshots/t-182.png
sim-1	t-212.png	/Users/klyff/tmp/run-18-08-2026__15-54/sim-1/screenshots/t-212.png
sim-1	t-242.png	/Users/klyff/tmp/run-18-08-2026__15-54/sim-1/screenshots/t-242.png
sim-1	t-272.png	/Users/klyff/tmp/run-18-08-2026__15-54/sim-1/screenshots/t-272.png
sim-1	t-300.png	/Users/klyff/tmp/run-18-08-2026__15-54/sim-1/screenshots/t-300.png
sim-2	t-002.png	/Users/klyff/tmp/run-18-08-2026__15-54/sim-2/screenshots/t-002.png
sim-2	t-032.png	/Users/klyff/tmp/run-18-08-2026__15-54/sim-2/screenshots/t-032.png
sim-2	t-062.png	/Users/klyff/tmp/run-18-08-2026__15-54/sim-2/screenshots/t-062.png
sim-2	t-092.png	/Users/klyff/tmp/run-18-08-2026__15-54/sim-2/screenshots/t-092.png
sim-2	t-122.png	/Users/klyff/tmp/run-18-08-2026__15-54/sim-2/screenshots/t-122.png
sim-2	t-152.png	/Users/klyff/tmp/run-18-08-2026__15-54/sim-2/screenshots/t-152.png
sim-2	t-182.png	/Users/klyff/tmp/run-18-08-2026__15-54/sim-2/screenshots/t-182.png
sim-2	t-212.png	/Users/klyff/tmp/run-18-08-2026__15-54/sim-2/screenshots/t-212.png
sim-2	t-242.png	/Users/klyff/tmp/run-18-08-2026__15-54/sim-2/screenshots/t-242.png
sim-2	t-272.png	/Users/klyff/tmp/run-18-08-2026__15-54/sim-2/screenshots/t-272.png
sim-2	t-300.png	/Users/klyff/tmp/run-18-08-2026__15-54/sim-2/screenshots/t-300.png
sim-3	t-002.png	/Users/klyff/tmp/run-18-08-2026__15-54/sim-3/screenshots/t-002.png
sim-3	t-032.png	/Users/klyff/tmp/run-18-08-2026__15-54/sim-3/screenshots/t-032.png
sim-3	t-062.png	/Users/klyff/tmp/run-18-08-2026__15-54/sim-3/screenshots/t-062.png
sim-3	t-092.png	/Users/klyff/tmp/run-18-08-2026__15-54/sim-3/screenshots/t-092.png
sim-3	t-122.png	/Users/klyff/tmp/run-18-08-2026__15-54/sim-3/screenshots/t-122.png
sim-3	t-152.png	/Users/klyff/tmp/run-18-08-2026__15-54/sim-3/screenshots/t-152.png
sim-3	t-182.png	/Users/klyff/tmp/run-18-08-2026__15-54/sim-3/screenshots/t-182.png
sim-3	t-212.png	/Users/klyff/tmp/run-18-08-2026__15-54/sim-3/screenshots/t-212.png
sim-3	t-242.png	/Users/klyff/tmp/run-18-08-2026__15-54/sim-3/screenshots/t-242.png
sim-3	t-272.png	/Users/klyff/tmp/run-18-08-2026__15-54/sim-3/screenshots/t-272.png
sim-3	t-300.png	/Users/klyff/tmp/run-18-08-2026__15-54/sim-3/screenshots/t-300.png
qa	preview-bogmire-deep-1.png	/Users/klyff/tmp/run-18-08-2026__15-54/qa/preview-bogmire-deep-1.png
qa	preview-thunder-basin-2.png	/Users/klyff/tmp/run-18-08-2026__15-54/qa/preview-thunder-basin-2.png
qa	preview-thunder-basin.png	/Users/klyff/tmp/run-18-08-2026__15-54/qa/preview-thunder-basin.png
qa	qa-character.png	/Users/klyff/tmp/run-18-08-2026__15-54/qa/qa-character.png
qa	qa-debugia-w1-void.png	/Users/klyff/tmp/run-18-08-2026__15-54/qa/qa-debugia-w1-void.png
qa	qa-debugia-w1.png	/Users/klyff/tmp/run-18-08-2026__15-54/qa/qa-debugia-w1.png
qa	qa-debugia-w3.png	/Users/klyff/tmp/run-18-08-2026__15-54/qa/qa-debugia-w3.png
qa	qa-debugia.png	/Users/klyff/tmp/run-18-08-2026__15-54/qa/qa-debugia.png
qa	qa-garage-hub.png	/Users/klyff/tmp/run-18-08-2026__15-54/qa/qa-garage-hub.png
qa	qa-garage.png	/Users/klyff/tmp/run-18-08-2026__15-54/qa/qa-garage.png
qa	qa-grid-5.png	/Users/klyff/tmp/run-18-08-2026__15-54/qa/qa-grid-5.png
qa	qa-origin.png	/Users/klyff/tmp/run-18-08-2026__15-54/qa/qa-origin.png
qa	qa-splash.png	/Users/klyff/tmp/run-18-08-2026__15-54/qa/qa-splash.png
